what,kind,bundleId,bundleVersion,description,time
activated,perspective,org.eclipse.jdt.ui,,"org.eclipse.jdt.ui.JavaPerspective",1425561882692
started,bundle,org.eclipse.osgi,3.6.2.R36x_v20110210,"org.eclipse.osgi",1425561882692
started,bundle,com.ibm.icu,4.2.1.v20100412,"com.ibm.icu",1425561882732
started,bundle,org.eclipse.core.contenttype,3.4.100.v20100505-1235,"org.eclipse.core.contenttype",1425561882872
started,bundle,org.eclipse.core.databinding.observable,1.3.0.I20100601-0800,"org.eclipse.core.databinding.observable",1425561883012
started,bundle,org.eclipse.core.expressions,3.4.200.v20100505,"org.eclipse.core.expressions",1425561883061
started,bundle,org.eclipse.core.filebuffers,3.5.100.v20100520-0800,"org.eclipse.core.filebuffers",1425561883121
started,bundle,org.eclipse.core.filesystem,1.3.1.R36x_v20100727-0745,"org.eclipse.core.filesystem",1425561883201
started,bundle,org.eclipse.core.jobs,3.5.1.R36x_v20100824,"org.eclipse.core.jobs",1425561883241
started,bundle,org.eclipse.core.net,1.2.100.I20100511-0800,"org.eclipse.core.net",1425561883401
started,bundle,org.eclipse.core.resources,3.6.1.R36x_v20110131-1630,"org.eclipse.core.resources",1425561883721
started,bundle,org.eclipse.core.runtime,3.6.0.v20100505,"org.eclipse.core.runtime",1425561883770
started,bundle,org.eclipse.core.runtime.compatibility,3.2.100.v20100505,"org.eclipse.core.runtime.compatibility",1425561883830
started,bundle,org.eclipse.core.runtime.compatibility.auth,3.2.200.v20100517,"org.eclipse.core.runtime.compatibility.auth",1425561883880
started,bundle,org.eclipse.debug.core,3.6.0.v20100519,"org.eclipse.debug.core",1425561884100
started,bundle,org.eclipse.epp.usagedata.gathering,1.3.1.R201102081640,"org.eclipse.epp.usagedata.gathering",1425561884160
started,bundle,org.eclipse.epp.usagedata.recording,1.3.1.R201102081640,"org.eclipse.epp.usagedata.recording",1425561884320
started,bundle,org.eclipse.equinox.app,1.3.1.R36x_v20100803,"org.eclipse.equinox.app",1425561884639
started,bundle,org.eclipse.equinox.common,3.6.0.v20100503,"org.eclipse.equinox.common",1425561884719
started,bundle,org.eclipse.equinox.ds,1.2.1.R36x_v20100803,"org.eclipse.equinox.ds",1425561884759
started,bundle,org.eclipse.equinox.event,1.2.0.v20100503,"org.eclipse.equinox.event",1425561884789
started,bundle,org.eclipse.equinox.p2.core,2.0.3.R36x_v20110111,"org.eclipse.equinox.p2.core",1425561884829
started,bundle,org.eclipse.equinox.p2.directorywatcher,1.0.203.R36x_v20101220,"org.eclipse.equinox.p2.directorywatcher",1425561884879
started,bundle,org.eclipse.equinox.p2.engine,2.0.1.R36x_v20110201,"org.eclipse.equinox.p2.engine",1425561884949
started,bundle,org.eclipse.equinox.p2.metadata,2.0.1.R36x_v20101202,"org.eclipse.equinox.p2.metadata",1425561885039
started,bundle,org.eclipse.equinox.p2.metadata.repository,1.1.0.v20100513,"org.eclipse.equinox.p2.metadata.repository",1425561885109
started,bundle,org.eclipse.equinox.p2.operations,2.0.0.v20100510,"org.eclipse.equinox.p2.operations",1425561886427
started,bundle,org.eclipse.equinox.p2.reconciler.dropins,1.1.2.R36x_v20110114,"org.eclipse.equinox.p2.reconciler.dropins",1425561886816
started,bundle,org.eclipse.equinox.p2.repository,2.0.2.R36x_v20110111-1500,"org.eclipse.equinox.p2.repository",1425561888069
started,bundle,org.eclipse.equinox.p2.ui.sdk.scheduler,1.0.0.v20100507-1815,"org.eclipse.equinox.p2.ui.sdk.scheduler",1425561888109
started,bundle,org.eclipse.equinox.p2.updatechecker,1.1.101.R36x_v20100823,"org.eclipse.equinox.p2.updatechecker",1425561888268
started,bundle,org.eclipse.equinox.preferences,3.3.0.v20100503,"org.eclipse.equinox.preferences",1425561888698
started,bundle,org.eclipse.equinox.registry,3.5.0.v20100503,"org.eclipse.equinox.registry",1425561888848
started,bundle,org.eclipse.equinox.security,1.0.200.v20100503,"org.eclipse.equinox.security",1425561888888
started,bundle,org.eclipse.equinox.util,1.0.200.v20100503,"org.eclipse.equinox.util",1425561888898
started,bundle,org.eclipse.help,3.5.0.v20100524,"org.eclipse.help",1425561889317
started,bundle,org.eclipse.jdt.core.manipulation,1.3.0.v20100520-0800,"org.eclipse.jdt.core.manipulation",1425561889387
started,bundle,org.eclipse.jdt.launching,3.5.200.v20110105_r362,"org.eclipse.jdt.launching",1425561889497
started,bundle,org.eclipse.jdt.ui,3.6.2.r362_v20110203,"org.eclipse.jdt.ui",1425561889836
started,bundle,org.eclipse.jface,3.6.2.M20110210-1200,"org.eclipse.jface",1425561889876
started,bundle,org.eclipse.jsch.core,1.1.200.I20100505-1245,"org.eclipse.jsch.core",1425561889886
started,bundle,org.eclipse.mylyn.commons.net,3.4.1.v20100625-2100-e3x,"org.eclipse.mylyn.commons.net",1425561889886
started,bundle,org.eclipse.mylyn.monitor.ui,3.4.1.v20110131-0100-e3x,"org.eclipse.mylyn.monitor.ui",1425561889936
started,bundle,org.eclipse.team.core,3.5.101.R36x_v20110203-1036,"org.eclipse.team.core",1425561890036
started,bundle,org.eclipse.team.cvs.core,3.3.301.R36x_v20110119-0815,"org.eclipse.team.cvs.core",1425561890146
started,bundle,org.eclipse.team.cvs.ui,3.3.302.R36x_v20110203-1036,"org.eclipse.team.cvs.ui",1425561890246
started,bundle,org.eclipse.team.ui,3.5.102.R36x_v20110203-1036,"org.eclipse.team.ui",1425561890415
started,bundle,org.eclipse.ui,3.6.2.M20110203-1100,"org.eclipse.ui",1425561890485
started,bundle,org.eclipse.ui.console,3.5.0.v20100526,"org.eclipse.ui.console",1425561890565
started,bundle,org.eclipse.ui.editors,3.6.1.r361_v20100825-0800,"org.eclipse.ui.editors",1425561890685
started,bundle,org.eclipse.ui.ide,3.6.2.M20101201-0800,"org.eclipse.ui.ide",1425561890825
started,bundle,org.eclipse.ui.net,1.2.100.I20100505-1245,"org.eclipse.ui.net",1425561890885
started,bundle,org.eclipse.ui.views,3.5.1.M20110202-0800,"org.eclipse.ui.views",1425561890915
started,bundle,org.eclipse.ui.views.log,1.0.100.v20110210_r362,"org.eclipse.ui.views.log",1425561890965
started,bundle,org.eclipse.ui.workbench,3.6.2.M20110210-1200,"org.eclipse.ui.workbench",1425561891025
started,bundle,org.eclipse.ui.workbench.texteditor,3.6.1.r361_v20100714-0800,"org.eclipse.ui.workbench.texteditor",1425561891154
started,bundle,org.eclipse.equinox.simpleconfigurator,1.0.200.v20100503,"org.eclipse.equinox.simpleconfigurator",1425561891204
started,bundle,org.eclipse.jdt.core,3.6.2.xx-20120306-1100-e36-RELEASE,"org.eclipse.jdt.core",1425561891234
started,bundle,org.eclipse.jdt.groovy.core,2.7.0.xx-20120306-1100-e36-RELEASE,"org.eclipse.jdt.groovy.core",1425561891274
os,sysinfo,,,"win32",1425561891274
arch,sysinfo,,,"x86",1425561891274
ws,sysinfo,,,"win32",1425561891274
locale,sysinfo,,,"en_US",1425561891274
processors,sysinfo,,,"4",1425561891274
java.runtime.name,sysinfo,,,"Java(TM) SE Runtime Environment",1425561891274
java.runtime.version,sysinfo,,,"1.6.0_45-b06",1425561891274
java.specification.name,sysinfo,,,"Java Platform API Specification",1425561891274
java.specification.vendor,sysinfo,,,"Sun Microsystems Inc.",1425561891274
java.specification.version,sysinfo,,,"1.6",1425561891274
java.vendor,sysinfo,,,"Sun Microsystems Inc.",1425561891274
java.version,sysinfo,,,"1.6.0_45",1425561891274
java.vm.info,sysinfo,,,"mixed mode, sharing",1425561891274
java.vm.name,sysinfo,,,"Java HotSpot(TM) Client VM",1425561891274
java.vm.specification.name,sysinfo,,,"Java Virtual Machine Specification",1425561891274
java.vm.specification.vendor,sysinfo,,,"Sun Microsystems Inc.",1425561891274
java.vm.specification.version,sysinfo,,,"1.0",1425561891274
java.vm.vendor,sysinfo,,,"Sun Microsystems Inc.",1425561891274
java.vm.version,sysinfo,,,"20.45-b01",1425561891274
started,bundle,org.eclipse.mylyn.commons.ui,3.4.0.v20100608-0100-e3x,"org.eclipse.mylyn.commons.ui",1425561891404
started,bundle,org.eclipse.mylyn.bugzilla.core,3.4.2.v20100902-0100-e3x,"org.eclipse.mylyn.bugzilla.core",1425561891943
started,bundle,org.eclipse.mylyn.bugzilla.ui,3.4.3.v20110131-0100-e3x,"org.eclipse.mylyn.bugzilla.ui",1425561892083
started,bundle,org.eclipse.ui.forms,3.5.2.r36_v20100702,"org.eclipse.ui.forms",1425561892523
started,bundle,org.eclipse.mylyn.context.core,3.4.1.v20100909-0100-e3x,"org.eclipse.mylyn.context.core",1425561892722
started,bundle,org.eclipse.mylyn.context.ui,3.4.2.v20110131-0100-e3x,"org.eclipse.mylyn.context.ui",1425561892782
started,bundle,org.eclipse.mylyn.tasks.ui,3.4.3.v20110131-0100-e3x,"org.eclipse.mylyn.tasks.ui",1425561893132
started,bundle,org.eclipse.mylyn.team.ui,3.4.3.v20110131-0100-e3x,"org.eclipse.mylyn.team.ui",1425561893172
started,bundle,org.eclipse.update.scheduler,3.2.300.v20100512,"org.eclipse.update.scheduler",1425561893182
started,bundle,org.eclipse.update.configurator,3.3.100.v20100512,"org.eclipse.update.configurator",1425561895149
started,bundle,org.eclipse.update.core,3.2.402.R36x_v20100629,"org.eclipse.update.core",1425561895159
started,bundle,com.android.ide.eclipse.ddms,16.0.0.v201112072138-234950,"com.android.ide.eclipse.ddms",1425561897795
started,bundle,org.eclipse.wst.sse.core,1.1.504.v201102160550,"org.eclipse.wst.sse.core",1425561899383
started,bundle,com.android.ide.eclipse.adt,16.0.0.v201112072138-234950,"com.android.ide.eclipse.adt",1425561899403
started,bundle,org.eclipse.ltk.core.refactoring,3.5.101.r362_v20101117-0800,"org.eclipse.ltk.core.refactoring",1425561899463
started,bundle,org.eclipse.ltk.ui.refactoring,3.5.0.v20100526-0800,"org.eclipse.ltk.ui.refactoring",1425561899473
started,bundle,org.codehaus.groovy.eclipse.dsl,2.7.0.xx-20120306-1100-e36-RELEASE,"org.codehaus.groovy.eclipse.dsl",1425561900022
error,log,,,"DDMS files not found: D:\\Eclipse Helios_3.6_win_O\\eclipse-java-helios-SR2-win32\\eclipse\\platform-tools\\adb.exe D:\\Eclipse Helios_3.6_win_O\\eclipse-java-helios-SR2-win32\\eclipse\\tools\\hprof-conv.exe D:\\Eclipse Helios_3.6_win_O\\eclipse-java-helios-SR2-win32\\eclipse\\tools\\traceview.bat ",1425561900032
started,bundle,com.android.ide.eclipse.traceview,16.0.0.v201112072138-234950,"com.android.ide.eclipse.traceview",1425561900092
opened,view,org.eclipse.ui.console,3.5.0.v20100526,"org.eclipse.ui.console.ConsoleView",1425561900102
activated,view,org.eclipse.ui.console,3.5.0.v20100526,"org.eclipse.ui.console.ConsoleView",1425561900162
activated,view,org.eclipse.ui.views.log,1.0.100.v20110210_r362,"org.eclipse.pde.runtime.LogView",1425561900212
started,bundle,org.eclipse.epp.mpc.ui,1.0.1.v20100826-2143,"org.eclipse.epp.mpc.ui",1425561910758
deactivated,workbench,org.eclipse.ui.workbench,3.6.2.M20110210-1200,"",1425561911756
started,bundle,org.eclipse.equinox.p2.ui,2.0.0.v20100518,"org.eclipse.equinox.p2.ui",1425561911886
started,bundle,org.eclipse.equinox.p2.ui.sdk,1.0.100.v20100513,"org.eclipse.equinox.p2.ui.sdk",1425561911926
started,bundle,org.eclipse.ecf.filetransfer,4.0.0.v20100906-1425,"org.eclipse.ecf.filetransfer",1425561912455
started,bundle,org.eclipse.ecf.identity,3.1.0.v20100906-1425,"org.eclipse.ecf.identity",1425561912525
started,bundle,org.eclipse.ecf,3.1.0.v20100906-1425,"org.eclipse.ecf",1425561912855
started,bundle,org.eclipse.ecf.provider.filetransfer.httpclient,4.0.0.v20100906-1425,"org.eclipse.ecf.provider.filetransfer.httpclient",1425561912895
started,bundle,org.eclipse.ecf.provider.filetransfer,3.1.0.v20100906-1425,"org.eclipse.ecf.provider.filetransfer",1425561912905
started,bundle,org.eclipse.equinox.p2.artifact.repository,1.1.1.R36x_v20100901,"org.eclipse.equinox.p2.artifact.repository",1425561973522
started,bundle,org.eclipse.equinox.p2.director,2.0.3.R36x_v20101117-1018,"org.eclipse.equinox.p2.director",1425561992766
started,bundle,org.eclipse.equinox.p2.garbagecollector,1.0.100.v20100503,"org.eclipse.equinox.p2.garbagecollector",1425561992796
activated,workbench,org.eclipse.ui.workbench,3.6.2.M20110210-1200,"",1425562067057
executed,command,org.eclipse.epp.mpc.ui,1.0.1.v20100826-2143,"org.eclipse.epp.mpc.ui.command.showMarketplaceWizard",1425562067077
deactivated,workbench,org.eclipse.ui.workbench,3.6.2.M20110210-1200,"",1425562070253
activated,workbench,org.eclipse.ui.workbench,3.6.2.M20110210-1200,"",1425562246917
executed,command,org.eclipse.epp.mpc.ui,1.0.1.v20100826-2143,"org.eclipse.epp.mpc.ui.command.showMarketplaceWizard",1425562246987
deactivated,workbench,org.eclipse.ui.workbench,3.6.2.M20110210-1200,"",1425562254853
executed,command,org.eclipse.ui,3.6.2.M20110203-1100,"org.eclipse.ui.edit.paste",1425562284471
started,bundle,org.eclipse.equinox.p2.extensionlocation,1.2.0.v20100518,"org.eclipse.equinox.p2.extensionlocation",1425562291778
started,bundle,org.eclipse.equinox.p2.publisher,1.1.2.v20100824-2220,"org.eclipse.equinox.p2.publisher",1425562331898
started,bundle,org.eclipse.equinox.p2.touchpoint.eclipse,2.0.3.R36x_v20101202,"org.eclipse.equinox.p2.touchpoint.eclipse",1425562331938
started,bundle,org.eclipse.equinox.frameworkadmin,2.0.0.v20100503,"org.eclipse.equinox.frameworkadmin",1425562332598
started,bundle,org.eclipse.equinox.simpleconfigurator.manipulator,2.0.0.v20100503,"org.eclipse.equinox.simpleconfigurator.manipulator",1425562332648
activated,workbench,org.eclipse.ui.workbench,3.6.2.M20110210-1200,"",1425562342223
executed,command,org.eclipse.equinox.p2.ui.sdk,1.0.100.v20100513,"org.eclipse.equinox.p2.ui.sdk.install",1425562342233
deactivated,workbench,org.eclipse.ui.workbench,3.6.2.M20110210-1200,"",1425562342523
activated,workbench,org.eclipse.ui.workbench,3.6.2.M20110210-1200,"",1425562349540
opened,view,org.eclipse.ui.ide,3.6.2.M20101201-0800,"org.eclipse.ui.views.ProgressView",1425562354867
activated,view,org.eclipse.ui.ide,3.6.2.M20101201-0800,"org.eclipse.ui.views.ProgressView",1425562354897
activated,view,org.eclipse.ui.views.log,1.0.100.v20110210_r362,"org.eclipse.pde.runtime.LogView",1425562420326
activated,view,org.eclipse.ui.ide,3.6.2.M20101201-0800,"org.eclipse.ui.views.ProgressView",1425562421565
deactivated,workbench,org.eclipse.ui.workbench,3.6.2.M20110210-1200,"",1425562511268
activated,workbench,org.eclipse.ui.workbench,3.6.2.M20110210-1200,"",1425562543653
activated,view,org.eclipse.ui.views.log,1.0.100.v20110210_r362,"org.eclipse.pde.runtime.LogView",1425562560480
activated,view,org.eclipse.ui.ide,3.6.2.M20101201-0800,"org.eclipse.ui.views.ProgressView",1425562563320
closed,view,org.eclipse.ui.views.log,1.0.100.v20110210_r362,"org.eclipse.pde.runtime.LogView",1425562563330
activated,view,org.eclipse.ui.console,3.5.0.v20100526,"org.eclipse.ui.console.ConsoleView",1425562565869
opened,view,org.eclipse.jdt.ui,3.6.2.r362_v20110203,"org.eclipse.jdt.ui.SourceView",1425562568259
activated,view,org.eclipse.jdt.ui,3.6.2.r362_v20110203,"org.eclipse.jdt.ui.SourceView",1425562568289
opened,view,org.eclipse.jdt.ui,3.6.2.r362_v20110203,"org.eclipse.jdt.ui.JavadocView",1425562570249
activated,view,org.eclipse.jdt.ui,3.6.2.r362_v20110203,"org.eclipse.jdt.ui.JavadocView",1425562570269
activated,view,org.eclipse.ui.ide,3.6.2.M20101201-0800,"org.eclipse.ui.views.ProgressView",1425562572138
deactivated,workbench,org.eclipse.ui.workbench,3.6.2.M20110210-1200,"",1425562602944
activated,workbench,org.eclipse.ui.workbench,3.6.2.M20110210-1200,"",1425562651996
deactivated,workbench,org.eclipse.ui.workbench,3.6.2.M20110210-1200,"",1425562656115
activated,workbench,org.eclipse.ui.workbench,3.6.2.M20110210-1200,"",1425562963797
deactivated,workbench,org.eclipse.ui.workbench,3.6.2.M20110210-1200,"",1425563001906
activated,workbench,org.eclipse.ui.workbench,3.6.2.M20110210-1200,"",1425563196412
deactivated,workbench,org.eclipse.ui.workbench,3.6.2.M20110210-1200,"",1425563204022
activated,workbench,org.eclipse.ui.workbench,3.6.2.M20110210-1200,"",1425563418820
deactivated,workbench,org.eclipse.ui.workbench,3.6.2.M20110210-1200,"",1425563434880
activated,workbench,org.eclipse.ui.workbench,3.6.2.M20110210-1200,"",1425563565501
deactivated,workbench,org.eclipse.ui.workbench,3.6.2.M20110210-1200,"",1425563579571
started,bundle,org.eclipse.equinox.frameworkadmin.equinox,1.0.200.v20100505,"org.eclipse.equinox.frameworkadmin.equinox",1425563736025
activated,workbench,org.eclipse.ui.workbench,3.6.2.M20110210-1200,"",1425563819481
closed,workbench,org.eclipse.ui.workbench,3.6.2.M20110210-1200,"",1425563819637
started,bundle,org.eclipse.compare.core,3.5.101.R36x_v20100929-0800,"org.eclipse.compare.core",1425563820541
started,bundle,org.eclipse.compare,3.5.101.R36x_v20100929-0800,"org.eclipse.compare",1425563820541
stopped,bundle,org.eclipse.mylyn.ide.ant,3.4.0.v20100608-0100-e3x,"org.eclipse.mylyn.ide.ant",1425563820963
stopped,bundle,org.eclipse.ant.ui,3.5.0.v20100427,"org.eclipse.ant.ui",1425563820994
stopped,bundle,org.eclipse.ant.launching,1.0.1.v20101020_r362,"org.eclipse.ant.launching",1425563821009
stopped,bundle,org.eclipse.compare.win32,1.0.101.R36x_v20101103-0618,"org.eclipse.compare.win32",1425563821041
stopped,bundle,org.eclipse.equinox.p2.ui.sdk,1.0.100.v20100513,"org.eclipse.equinox.p2.ui.sdk",1425563821041
stopped,bundle,org.eclipse.mylyn.java.tasks,3.4.0.v20100608-0100-e3x,"org.eclipse.mylyn.java.tasks",1425563821041
stopped,bundle,org.eclipse.mylyn.java.ui,3.4.0.v20100608-0100-e3x,"org.eclipse.mylyn.java.ui",1425563821056
stopped,bundle,overlay.com.android.ide.eclipse.adt.overlay,16.0.0.v201112072138-234950,"overlay.com.android.ide.eclipse.adt.overlay",1425563821072
stopped,bundle,com.mds.apg,1.2.6.201112201653,"com.mds.apg",1425563821197
stopped,bundle,com.android.ide.eclipse.adt,16.0.0.v201112072138-234950,"com.android.ide.eclipse.adt",1425563821197
stopped,bundle,org.codehaus.groovy.eclipse.astviews,2.7.0.xx-20120306-1100-e36-RELEASE,"org.codehaus.groovy.eclipse.astviews",1425563821212
stopped,bundle,org.codehaus.groovy.eclipse.quickfix,2.7.0.xx-20120306-1100-e36-RELEASE,"org.codehaus.groovy.eclipse.quickfix",1425563821212
stopped,bundle,org.codehaus.groovy.eclipse.dsl,2.7.0.xx-20120306-1100-e36-RELEASE,"org.codehaus.groovy.eclipse.dsl",1425563821212
stopped,bundle,org.codehaus.groovy.eclipse.codeassist.completion,2.7.0.xx-20120306-1100-e36-RELEASE,"org.codehaus.groovy.eclipse.codeassist.completion",1425563821212
stopped,bundle,org.codehaus.groovy.eclipse.ui,2.7.0.xx-20120306-1100-e36-RELEASE,"org.codehaus.groovy.eclipse.ui",1425563821212
stopped,bundle,org.eclipse.jdt.junit,3.6.1.r361_v20100825-0800,"org.eclipse.jdt.junit",1425563821243
stopped,bundle,org.eclipse.jdt.apt.ui,3.3.300.v20100513-0845,"org.eclipse.jdt.apt.ui",1425563821306
stopped,bundle,org.eclipse.jdt.debug.ui,3.5.2.v20100928a_r362,"org.eclipse.jdt.debug.ui",1425563821368
stopped,bundle,com.android.ide.eclipse.traceview,16.0.0.v201112072138-234950,"com.android.ide.eclipse.traceview",1425563821368
stopped,bundle,org.codehaus.groovy.eclipse.refactoring,2.7.0.xx-20120306-1100-e36-RELEASE,"org.codehaus.groovy.eclipse.refactoring",1425563821384
stopped,bundle,org.eclipse.jdt.ui,3.6.2.r362_v20110203,"org.eclipse.jdt.ui",1425563821711
activated,perspective,org.eclipse.jdt.ui,,"org.eclipse.jdt.ui.JavaPerspective",1425563852818
started,bundle,org.eclipse.osgi,3.6.2.R36x_v20110210,"org.eclipse.osgi",1425563852818
started,bundle,com.ibm.icu,4.2.1.v20100412,"com.ibm.icu",1425563852818
started,bundle,org.eclipse.core.contenttype,3.4.100.v20100505-1235,"org.eclipse.core.contenttype",1425563852818
started,bundle,org.eclipse.core.databinding.observable,1.3.0.I20100601-0800,"org.eclipse.core.databinding.observable",1425563852818
started,bundle,org.eclipse.core.expressions,3.4.200.v20100505,"org.eclipse.core.expressions",1425563852818
started,bundle,org.eclipse.core.filebuffers,3.5.100.v20100520-0800,"org.eclipse.core.filebuffers",1425563852818
started,bundle,org.eclipse.core.filesystem,1.3.1.R36x_v20100727-0745,"org.eclipse.core.filesystem",1425563852818
started,bundle,org.eclipse.core.jobs,3.5.1.R36x_v20100824,"org.eclipse.core.jobs",1425563852818
started,bundle,org.eclipse.core.net,1.2.100.I20100511-0800,"org.eclipse.core.net",1425563852818
started,bundle,org.eclipse.core.resources,3.6.1.R36x_v20110131-1630,"org.eclipse.core.resources",1425563852818
started,bundle,org.eclipse.core.runtime,3.6.0.v20100505,"org.eclipse.core.runtime",1425563852818
started,bundle,org.eclipse.core.runtime.compatibility,3.2.100.v20100505,"org.eclipse.core.runtime.compatibility",1425563852818
started,bundle,org.eclipse.core.runtime.compatibility.auth,3.2.200.v20100517,"org.eclipse.core.runtime.compatibility.auth",1425563852834
started,bundle,org.eclipse.debug.core,3.6.0.v20100519,"org.eclipse.debug.core",1425563852834
started,bundle,org.eclipse.epp.usagedata.gathering,1.3.1.R201102081640,"org.eclipse.epp.usagedata.gathering",1425563852834
started,bundle,org.eclipse.epp.usagedata.recording,1.3.1.R201102081640,"org.eclipse.epp.usagedata.recording",1425563852834
started,bundle,org.eclipse.equinox.app,1.3.1.R36x_v20100803,"org.eclipse.equinox.app",1425563852834
started,bundle,org.eclipse.equinox.common,3.6.0.v20100503,"org.eclipse.equinox.common",1425563852834
started,bundle,org.eclipse.equinox.ds,1.2.1.R36x_v20100803,"org.eclipse.equinox.ds",1425563852834
started,bundle,org.eclipse.equinox.event,1.2.0.v20100503,"org.eclipse.equinox.event",1425563852834
started,bundle,org.eclipse.equinox.p2.artifact.repository,1.1.1.R36x_v20100901,"org.eclipse.equinox.p2.artifact.repository",1425563852834
started,bundle,org.eclipse.equinox.p2.core,2.0.3.R36x_v20110111,"org.eclipse.equinox.p2.core",1425563852834
started,bundle,org.eclipse.equinox.p2.director,2.0.3.R36x_v20101117-1018,"org.eclipse.equinox.p2.director",1425563852834
started,bundle,org.eclipse.equinox.p2.directorywatcher,1.0.203.R36x_v20101220,"org.eclipse.equinox.p2.directorywatcher",1425563852834
started,bundle,org.eclipse.equinox.p2.engine,2.0.1.R36x_v20110201,"org.eclipse.equinox.p2.engine",1425563852834
started,bundle,org.eclipse.equinox.p2.extensionlocation,1.2.0.v20100518,"org.eclipse.equinox.p2.extensionlocation",1425563852834
started,bundle,org.eclipse.equinox.p2.metadata,2.0.1.R36x_v20101202,"org.eclipse.equinox.p2.metadata",1425563852834
started,bundle,org.eclipse.equinox.p2.metadata.repository,1.1.0.v20100513,"org.eclipse.equinox.p2.metadata.repository",1425563852834
started,bundle,org.eclipse.equinox.p2.operations,2.0.0.v20100510,"org.eclipse.equinox.p2.operations",1425563852834
started,bundle,org.eclipse.equinox.p2.publisher,1.1.2.v20100824-2220,"org.eclipse.equinox.p2.publisher",1425563852834
started,bundle,org.eclipse.equinox.p2.reconciler.dropins,1.1.2.R36x_v20110114,"org.eclipse.equinox.p2.reconciler.dropins",1425563852834
started,bundle,org.eclipse.equinox.p2.repository,2.0.2.R36x_v20110111-1500,"org.eclipse.equinox.p2.repository",1425563852834
started,bundle,org.eclipse.equinox.p2.touchpoint.eclipse,2.0.3.R36x_v20101202,"org.eclipse.equinox.p2.touchpoint.eclipse",1425563852834
started,bundle,org.eclipse.equinox.p2.ui.sdk.scheduler,1.0.0.v20100507-1815,"org.eclipse.equinox.p2.ui.sdk.scheduler",1425563852834
started,bundle,org.eclipse.equinox.p2.updatechecker,1.1.101.R36x_v20100823,"org.eclipse.equinox.p2.updatechecker",1425563852865
started,bundle,org.eclipse.equinox.preferences,3.3.0.v20100503,"org.eclipse.equinox.preferences",1425563852865
started,bundle,org.eclipse.equinox.registry,3.5.0.v20100503,"org.eclipse.equinox.registry",1425563852865
started,bundle,org.eclipse.equinox.security,1.0.200.v20100503,"org.eclipse.equinox.security",1425563852865
started,bundle,org.eclipse.equinox.util,1.0.200.v20100503,"org.eclipse.equinox.util",1425563852865
started,bundle,org.eclipse.help,3.5.0.v20100524,"org.eclipse.help",1425563852865
started,bundle,org.eclipse.jdt.core.manipulation,1.3.0.v20100520-0800,"org.eclipse.jdt.core.manipulation",1425563852865
started,bundle,org.eclipse.jdt.launching,3.5.200.v20110105_r362,"org.eclipse.jdt.launching",1425563852865
started,bundle,org.eclipse.jdt.ui,3.6.2.r362_v20110203,"org.eclipse.jdt.ui",1425563852865
started,bundle,org.eclipse.jface,3.6.2.M20110210-1200,"org.eclipse.jface",1425563852865
started,bundle,org.eclipse.jsch.core,1.1.200.I20100505-1245,"org.eclipse.jsch.core",1425563852865
started,bundle,org.eclipse.mylyn.commons.net,3.4.1.v20100625-2100-e3x,"org.eclipse.mylyn.commons.net",1425563852881
started,bundle,org.eclipse.mylyn.monitor.ui,3.4.1.v20110131-0100-e3x,"org.eclipse.mylyn.monitor.ui",1425563852881
started,bundle,org.eclipse.team.core,3.5.101.R36x_v20110203-1036,"org.eclipse.team.core",1425563852881
started,bundle,org.eclipse.team.cvs.core,3.3.301.R36x_v20110119-0815,"org.eclipse.team.cvs.core",1425563852881
started,bundle,org.eclipse.team.cvs.ui,3.3.302.R36x_v20110203-1036,"org.eclipse.team.cvs.ui",1425563852881
started,bundle,org.eclipse.team.ui,3.5.102.R36x_v20110203-1036,"org.eclipse.team.ui",1425563852881
started,bundle,org.eclipse.ui,3.6.2.M20110203-1100,"org.eclipse.ui",1425563852881
started,bundle,org.eclipse.ui.console,3.5.0.v20100526,"org.eclipse.ui.console",1425563852881
started,bundle,org.eclipse.ui.editors,3.6.1.r361_v20100825-0800,"org.eclipse.ui.editors",1425563852881
started,bundle,org.eclipse.ui.forms,3.5.2.r36_v20100702,"org.eclipse.ui.forms",1425563852881
started,bundle,org.eclipse.ui.ide,3.6.2.M20101201-0800,"org.eclipse.ui.ide",1425563852881
started,bundle,org.eclipse.ui.intro,3.4.0.v20100427,"org.eclipse.ui.intro",1425563852881
started,bundle,org.eclipse.ui.intro.universal,3.2.402.r36_v20100702,"org.eclipse.ui.intro.universal",1425563852881
started,bundle,org.eclipse.ui.net,1.2.100.I20100505-1245,"org.eclipse.ui.net",1425563852881
started,bundle,org.eclipse.ui.views,3.5.1.M20110202-0800,"org.eclipse.ui.views",1425563852881
started,bundle,org.eclipse.ui.workbench,3.6.2.M20110210-1200,"org.eclipse.ui.workbench",1425563852881
started,bundle,org.eclipse.ui.workbench.texteditor,3.6.1.r361_v20100714-0800,"org.eclipse.ui.workbench.texteditor",1425563852881
started,bundle,org.eclipse.update.configurator,3.3.100.v20100512,"org.eclipse.update.configurator",1425563852881
started,bundle,org.eclipse.equinox.simpleconfigurator,1.0.200.v20100503,"org.eclipse.equinox.simpleconfigurator",1425563852881
started,bundle,org.eclipse.jdt.core,3.6.2.xx-20120306-1100-e36-RELEASE,"org.eclipse.jdt.core",1425563852881
started,bundle,org.eclipse.jdt.groovy.core,2.7.0.xx-20120306-1100-e36-RELEASE,"org.eclipse.jdt.groovy.core",1425563852881
started,bundle,org.eclipse.m2e.logback.configuration,1.3.1.20130219-1424,"org.eclipse.m2e.logback.configuration",1425563852881
os,sysinfo,,,"win32",1425563852881
arch,sysinfo,,,"x86",1425563852881
ws,sysinfo,,,"win32",1425563852881
locale,sysinfo,,,"en_US",1425563852881
processors,sysinfo,,,"4",1425563852881
java.runtime.name,sysinfo,,,"Java(TM) SE Runtime Environment",1425563852881
java.runtime.version,sysinfo,,,"1.6.0_45-b06",1425563852881
